[
  {
    "timestamp": "2025-09-19 01:39:23",
    "to": "+94719563015",
    "message": "🚨 ඔබේ වත්තට සතුන් ඇතුළු වී ඇත! කරුණාකර පරීක්ෂා කරන්න.",
    "status": "SENT (MOCK)"
  },
  {
    "timestamp": "2025-09-19 01:39:23",
    "to": "+94719563015",
    "message": "✅ සතුන් වත්තෙන් පිටවී ගොස් ඇත.",
    "status": "SENT (MOCK)"
  },
  {
    "timestamp": "2025-09-19 01:41:04",
    "to": "+94719563015",
    "message": "කර්මිකාරයාගේ වත්තේ ආරක්ෂක පද්ධතිය සාර්ථකව ක්‍රියාත්මක වේ.",
    "status": "SENT (MOCK)"
  },
  {
    "timestamp": "2025-09-19 01:41:17",
    "to": "+94719563015",
    "message": "ඔබේ වත්තට සතුන් ඇතුළු වී ඇත. කරුණාකර පරීක්ෂා කරන්න.",
    "status": "SENT (MOCK)"
  },
  {
    "timestamp": "2025-09-19 01:41:19",
    "to": "+94719563015",
    "message": "සතුන් වත්තෙන් පිටවී ගොස් ඇත.",
    "status": "SENT (MOCK)"
  },
  {
    "timestamp": "2025-09-19 01:41:20",
    "to": "+94719563015",
    "message": "ඔබේ වත්තට සතුන් ඇතුළු වී ඇත. කරුණාකර පරීක්ෂා කරන්න.",
    "status": "SENT (MOCK)"
  },
  {
    "timestamp": "2025-09-19 01:41:22",
    "to": "+94719563015",
    "message": "සතුන් වත්තෙන් පිටවී ගොස් ඇත.",
    "status": "SENT (MOCK)"
  },
  {
    "timestamp": "2025-09-19 01:41:34",
    "to": "+94719563015",
    "message": "ඔබේ වත්තට සතුන් ඇතුළු වී ඇත. කරුණාකර පරීක්ෂා කරන්න.",
    "status": "SENT (MOCK)"
  },
  {
    "timestamp": "2025-09-19 01:41:39",
    "to": "+94719563015",
    "message": "සතුන් වත්තෙන් පිටවී ගොස් ඇත.",
    "status": "SENT (MOCK)"
  },
  {
    "timestamp": "2025-09-19 01:42:06",
    "to": "+94719563015",
    "message": "ඔබේ වත්තට සතුන් ඇතුළු වී ඇත. කරුණාකර පරීක්ෂා කරන්න.",
    "status": "SENT (MOCK)"
  },
  {
    "timestamp": "2025-09-19 01:42:08",
    "to": "+94719563015",
    "message": "සතුන් වත්තෙන් පිටවී ගොස් ඇත.",
    "status": "SENT (MOCK)"
  },
  {
    "timestamp": "2025-09-19 01:42:13",
    "to": "+94719563015",
    "message": "ඔබේ වත්තට සතුන් ඇතුළු වී ඇත. කරුණාකර පරීක්ෂා කරන්න.",
    "status": "SENT (MOCK)"
  },
  {
    "timestamp": "2025-09-19 01:42:15",
    "to": "+94719563015",
    "message": "සතුන් වත්තෙන් පිටවී ගොස් ඇත.",
    "status": "SENT (MOCK)"
  },
  {
    "timestamp": "2025-09-19 01:42:18",
    "to": "+94719563015",
    "message": "ඔබේ වත්තට සතුන් ඇතුළු වී ඇත. කරුණාකර පරීක්ෂා කරන්න.",
    "status": "SENT (MOCK)"
  },
  {
    "timestamp": "2025-09-19 01:42:20",
    "to": "+94719563015",
    "message": "සතුන් වත්තෙන් පිටවී ගොස් ඇත.",
    "status": "SENT (MOCK)"
  },
  {
    "timestamp": "2025-09-19 01:42:23",
    "to": "+94719563015",
    "message": "ඔබේ වත්තට සතුන් ඇතුළු වී ඇත. කරුණාකර පරීක්ෂා කරන්න.",
    "status": "SENT (MOCK)"
  },
  {
    "timestamp": "2025-09-19 01:42:26",
    "to": "+94719563015",
    "message": "සතුන් වත්තෙන් පිටවී ගොස් ඇත.",
    "status": "SENT (MOCK)"
  },
  {
    "timestamp": "2025-09-19 01:42:55",
    "to": "+94719563015",
    "message": "ඔබේ වත්තට සතුන් ඇතුළු වී ඇත. කරුණාකර පරීක්ෂා කරන්න.",
    "status": "SENT (MOCK)"
  },
  {
    "timestamp": "2025-09-19 01:42:57",
    "to": "+94719563015",
    "message": "සතුන් වත්තෙන් පිටවී ගොස් ඇත.",
    "status": "SENT (MOCK)"
  },
  {
    "timestamp": "2025-09-19 01:43:09",
    "to": "+94719563015",
    "message": "ඔබේ වත්තට සතුන් ඇතුළු වී ඇත. කරුණාකර පරීක්ෂා කරන්න.",
    "status": "SENT (MOCK)"
  },
  {
    "timestamp": "2025-09-19 01:43:13",
    "to": "+94719563015",
    "message": "සතුන් වත්තෙන් පිටවී ගොස් ඇත.",
    "status": "SENT (MOCK)"
  },
  {
    "timestamp": "2025-09-19 01:43:21",
    "to": "+94719563015",
    "message": "ඔබේ වත්තට සතුන් ඇතුළු වී ඇත. කරුණාකර පරීක්ෂා කරන්න.",
    "status": "SENT (MOCK)"
  },
  {
    "timestamp": "2025-09-19 01:43:23",
    "to": "+94719563015",
    "message": "සතුන් වත්තෙන් පිටවී ගොස් ඇත.",
    "status": "SENT (MOCK)"
  },
  {
    "timestamp": "2025-09-19 01:43:27",
    "to": "+94719563015",
    "message": "ඔබේ වත්තට සතුන් ඇතුළු වී ඇත. කරුණාකර පරීක්ෂා කරන්න.",
    "status": "SENT (MOCK)"
  },
  {
    "timestamp": "2025-09-19 01:43:29",
    "to": "+94719563015",
    "message": "සතුන් වත්තෙන් පිටවී ගොස් ඇත.",
    "status": "SENT (MOCK)"
  },
  {
    "timestamp": "2025-09-19 01:43:29",
    "to": "+94719563015",
    "message": "ඔබේ වත්තට සතුන් ඇතුළු වී ඇත. කරුණාකර පරීක්ෂා කරන්න.",
    "status": "SENT (MOCK)"
  },
  {
    "timestamp": "2025-09-19 01:43:31",
    "to": "+94719563015",
    "message": "සතුන් වත්තෙන් පිටවී ගොස් ඇත.",
    "status": "SENT (MOCK)"
  },
  {
    "timestamp": "2025-09-19 01:43:40",
    "to": "+94719563015",
    "message": "ඔබේ වත්තට සතුන් ඇතුළු වී ඇත. කරුණාකර පරීක්ෂා කරන්න.",
    "status": "SENT (MOCK)"
  },
  {
    "timestamp": "2025-09-19 01:43:42",
    "to": "+94719563015",
    "message": "සතුන් වත්තෙන් පිටවී ගොස් ඇත.",
    "status": "SENT (MOCK)"
  },
  {
    "timestamp": "2025-09-19 01:43:44",
    "to": "+94719563015",
    "message": "ඔබේ වත්තට සතුන් ඇතුළු වී ඇත. කරුණාකර පරීක්ෂා කරන්න.",
    "status": "SENT (MOCK)"
  },
  {
    "timestamp": "2025-09-19 01:43:48",
    "to": "+94719563015",
    "message": "සතුන් වත්තෙන් පිටවී ගොස් ඇත.",
    "status": "SENT (MOCK)"
  },
  {
    "timestamp": "2025-09-19 01:43:50",
    "to": "+94719563015",
    "message": "ඔබේ වත්තට සතුන් ඇතුළු වී ඇත. කරුණාකර පරීක්ෂා කරන්න.",
    "status": "SENT (MOCK)"
  },
  {
    "timestamp": "2025-09-19 01:43:52",
    "to": "+94719563015",
    "message": "සතුන් වත්තෙන් පිටවී ගොස් ඇත.",
    "status": "SENT (MOCK)"
  },
  {
    "timestamp": "2025-09-19 01:44:03",
    "to": "+94719563015",
    "message": "ඔබේ වත්තට සතුන් ඇතුළු වී ඇත. කරුණාකර පරීක්ෂා කරන්න.",
    "status": "SENT (MOCK)"
  },
  {
    "timestamp": "2025-09-19 01:44:06",
    "to": "+94719563015",
    "message": "සතුන් වත්තෙන් පිටවී ගොස් ඇත.",
    "status": "SENT (MOCK)"
  },
  {
    "timestamp": "2025-09-19 01:44:07",
    "to": "+94719563015",
    "message": "ඔබේ වත්තට සතුන් ඇතුළු වී ඇත. කරුණාකර පරීක්ෂා කරන්න.",
    "status": "SENT (MOCK)"
  },
  {
    "timestamp": "2025-09-19 01:44:09",
    "to": "+94719563015",
    "message": "සතුන් වත්තෙන් පිටවී ගොස් ඇත.",
    "status": "SENT (MOCK)"
  },
  {
    "timestamp": "2025-09-19 01:44:12",
    "to": "+94719563015",
    "message": "ඔබේ වත්තට සතුන් ඇතුළු වී ඇත. කරුණාකර පරීක්ෂා කරන්න.",
    "status": "SENT (MOCK)"
  },
  {
    "timestamp": "2025-09-19 01:44:14",
    "to": "+94719563015",
    "message": "සතුන් වත්තෙන් පිටවී ගොස් ඇත.",
    "status": "SENT (MOCK)"
  },
  {
    "timestamp": "2025-09-19 01:44:15",
    "to": "+94719563015",
    "message": "ඔබේ වත්තට සතුන් ඇතුළු වී ඇත. කරුණාකර පරීක්ෂා කරන්න.",
    "status": "SENT (MOCK)"
  },
  {
    "timestamp": "2025-09-19 01:44:18",
    "to": "+94719563015",
    "message": "සතුන් වත්තෙන් පිටවී ගොස් ඇත.",
    "status": "SENT (MOCK)"
  },
  {
    "timestamp": "2025-09-19 01:44:21",
    "to": "+94719563015",
    "message": "ඔබේ වත්තට සතුන් ඇතුළු වී ඇත. කරුණාකර පරීක්ෂා කරන්න.",
    "status": "SENT (MOCK)"
  },
  {
    "timestamp": "2025-09-19 01:44:23",
    "to": "+94719563015",
    "message": "සතුන් වත්තෙන් පිටවී ගොස් ඇත.",
    "status": "SENT (MOCK)"
  },
  {
    "timestamp": "2025-09-19 01:44:25",
    "to": "+94719563015",
    "message": "ඔබේ වත්තට සතුන් ඇතුළු වී ඇත. කරුණාකර පරීක්ෂා කරන්න.",
    "status": "SENT (MOCK)"
  },
  {
    "timestamp": "2025-09-19 01:44:29",
    "to": "+94719563015",
    "message": "සතුන් වත්තෙන් පිටවී ගොස් ඇත.",
    "status": "SENT (MOCK)"
  },
  {
    "timestamp": "2025-09-19 01:44:33",
    "to": "+94719563015",
    "message": "ඔබේ වත්තට සතුන් ඇතුළු වී ඇත. කරුණාකර පරීක්ෂා කරන්න.",
    "status": "SENT (MOCK)"
  },
  {
    "timestamp": "2025-09-19 01:44:35",
    "to": "+94719563015",
    "message": "සතුන් වත්තෙන් පිටවී ගොස් ඇත.",
    "status": "SENT (MOCK)"
  },
  {
    "timestamp": "2025-09-19 01:44:39",
    "to": "+94719563015",
    "message": "ඔබේ වත්තට සතුන් ඇතුළු වී ඇත. කරුණාකර පරීක්ෂා කරන්න.",
    "status": "SENT (MOCK)"
  },
  {
    "timestamp": "2025-09-19 01:44:42",
    "to": "+94719563015",
    "message": "සතුන් වත්තෙන් පිටවී ගොස් ඇත.",
    "status": "SENT (MOCK)"
  },
  {
    "timestamp": "2025-09-19 01:44:44",
    "to": "+94719563015",
    "message": "ඔබේ වත්තට සතුන් ඇතුළු වී ඇත. කරුණාකර පරීක්ෂා කරන්න.",
    "status": "SENT (MOCK)"
  },
  {
    "timestamp": "2025-09-19 01:44:48",
    "to": "+94719563015",
    "message": "සතුන් වත්තෙන් පිටවී ගොස් ඇත.",
    "status": "SENT (MOCK)"
  },
  {
    "timestamp": "2025-09-19 01:44:52",
    "to": "+94719563015",
    "message": "ඔබේ වත්තට සතුන් ඇතුළු වී ඇත. කරුණාකර පරීක්ෂා කරන්න.",
    "status": "SENT (MOCK)"
  },
  {
    "timestamp": "2025-09-19 01:44:54",
    "to": "+94719563015",
    "message": "සතුන් වත්තෙන් පිටවී ගොස් ඇත.",
    "status": "SENT (MOCK)"
  },
  {
    "timestamp": "2025-09-19 01:44:56",
    "to": "+94719563015",
    "message": "ඔබේ වත්තට සතුන් ඇතුළු වී ඇත. කරුණාකර පරීක්ෂා කරන්න.",
    "status": "SENT (MOCK)"
  },
  {
    "timestamp": "2025-09-19 01:44:59",
    "to": "+94719563015",
    "message": "සතුන් වත්තෙන් පිටවී ගොස් ඇත.",
    "status": "SENT (MOCK)"
  },
  {
    "timestamp": "2025-09-19 01:45:03",
    "to": "+94719563015",
    "message": "ඔබේ වත්තට සතුන් ඇතුළු වී ඇත. කරුණාකර පරීක්ෂා කරන්න.",
    "status": "SENT (MOCK)"
  },
  {
    "timestamp": "2025-09-19 01:45:05",
    "to": "+94719563015",
    "message": "සතුන් වත්තෙන් පිටවී ගොස් ඇත.",
    "status": "SENT (MOCK)"
  },
  {
    "timestamp": "2025-09-19 01:45:09",
    "to": "+94719563015",
    "message": "ඔබේ වත්තට සතුන් ඇතුළු වී ඇත. කරුණාකර පරීක්ෂා කරන්න.",
    "status": "SENT (MOCK)"
  },
  {
    "timestamp": "2025-09-19 01:45:11",
    "to": "+94719563015",
    "message": "සතුන් වත්තෙන් පිටවී ගොස් ඇත.",
    "status": "SENT (MOCK)"
  },
  {
    "timestamp": "2025-09-19 01:45:27",
    "to": "+94719563015",
    "message": "ඔබේ වත්තට සතුන් ඇතුළු වී ඇත. කරුණාකර පරීක්ෂා කරන්න.",
    "status": "SENT (MOCK)"
  },
  {
    "timestamp": "2025-09-19 01:45:29",
    "to": "+94719563015",
    "message": "සතුන් වත්තෙන් පිටවී ගොස් ඇත.",
    "status": "SENT (MOCK)"
  },
  {
    "timestamp": "2025-09-19 01:45:40",
    "to": "+94719563015",
    "message": "ඔබේ වත්තට සතුන් ඇතුළු වී ඇත. කරුණාකර පරීක්ෂා කරන්න.",
    "status": "SENT (MOCK)"
  },
  {
    "timestamp": "2025-09-19 01:45:42",
    "to": "+94719563015",
    "message": "සතුන් වත්තෙන් පිටවී ගොස් ඇත.",
    "status": "SENT (MOCK)"
  },
  {
    "timestamp": "2025-09-19 01:46:20",
    "to": "+94719563015",
    "message": "ඔබේ වත්තට සතුන් ඇතුළු වී ඇත. කරුණාකර පරීක්ෂා කරන්න.",
    "status": "SENT (MOCK)"
  },
  {
    "timestamp": "2025-09-19 01:46:22",
    "to": "+94719563015",
    "message": "සතුන් වත්තෙන් පිටවී ගොස් ඇත.",
    "status": "SENT (MOCK)"
  },
  {
    "timestamp": "2025-09-19 01:46:25",
    "to": "+94719563015",
    "message": "ඔබේ වත්තට සතුන් ඇතුළු වී ඇත. කරුණාකර පරීක්ෂා කරන්න.",
    "status": "SENT (MOCK)"
  },
  {
    "timestamp": "2025-09-19 01:46:27",
    "to": "+94719563015",
    "message": "සතුන් වත්තෙන් පිටවී ගොස් ඇත.",
    "status": "SENT (MOCK)"
  },
  {
    "timestamp": "2025-09-19 01:46:46",
    "to": "+94719563015",
    "message": "ඔබේ වත්තට සතුන් ඇතුළු වී ඇත. කරුණාකර පරීක්ෂා කරන්න.",
    "status": "SENT (MOCK)"
  },
  {
    "timestamp": "2025-09-19 01:46:48",
    "to": "+94719563015",
    "message": "සතුන් වත්තෙන් පිටවී ගොස් ඇත.",
    "status": "SENT (MOCK)"
  },
  {
    "timestamp": "2025-09-19 01:46:54",
    "to": "+94719563015",
    "message": "ඔබේ වත්තට සතුන් ඇතුළු වී ඇත. කරුණාකර පරීක්ෂා කරන්න.",
    "status": "SENT (MOCK)"
  },
  {
    "timestamp": "2025-09-19 01:46:56",
    "to": "+94719563015",
    "message": "සතුන් වත්තෙන් පිටවී ගොස් ඇත.",
    "status": "SENT (MOCK)"
  },
  {
    "timestamp": "2025-09-19 01:46:57",
    "to": "+94719563015",
    "message": "ඔබේ වත්තට සතුන් ඇතුළු වී ඇත. කරුණාකර පරීක්ෂා කරන්න.",
    "status": "SENT (MOCK)"
  },
  {
    "timestamp": "2025-09-19 01:47:00",
    "to": "+94719563015",
    "message": "සතුන් වත්තෙන් පිටවී ගොස් ඇත.",
    "status": "SENT (MOCK)"
  },
  {
    "timestamp": "2025-09-19 01:56:53",
    "to": "+94719563015",
    "message": "කර්මිකාරයාගේ වත්තේ ආරක්ෂක පද්ධතිය සාර්ථකව ක්‍රියාත්මක වේ.",
    "status": "SENT (MOCK)"
  },
  {
    "timestamp": "2025-09-19 01:59:23",
    "to": "+94719563015",
    "message": "ඔබේ වත්තට සතුන් ඇතුළු වී ඇත. කරුණාකර පරීක්ෂා කරන්න.",
    "status": "SENT (MOCK)"
  },
  {
    "timestamp": "2025-09-19 01:59:33",
    "to": "+94719563015",
    "message": "කර්මිකාරයාගේ වත්තේ ආරක්ෂක පද්ධතිය සාර්ථකව ක්‍රියාත්මක වේ.",
    "status": "SENT (MOCK)"
  },
  {
    "timestamp": "2025-09-19 01:59:50",
    "to": "+94719563015",
    "message": "සතුන් වත්තෙන් පිටවී ගොස් ඇත.",
    "status": "SENT (MOCK)"
  },
  {
    "timestamp": "2025-09-19 01:59:52",
    "to": "+94719563015",
    "message": "ඔබේ වත්තට සතුන් ඇතුළු වී ඇත. කරුණාකර පරීක්ෂා කරන්න.",
    "status": "SENT (MOCK)"
  },
  {
    "timestamp": "2025-09-19 01:59:57",
    "to": "+94719563015",
    "message": "සතුන් වත්තෙන් පිටවී ගොස් ඇත.",
    "status": "SENT (MOCK)"
  },
  {
    "timestamp": "2025-09-19 01:59:58",
    "to": "+94719563015",
    "message": "කර්මිකාරයාගේ වත්තේ ආරක්ෂක පද්ධතිය සාර්ථකව ක්‍රියාත්මක වේ.",
    "status": "SENT (MOCK)"
  },
  {
    "timestamp": "2025-09-19 01:59:59",
    "to": "+94719563015",
    "message": "ඔබේ වත්තට සතුන් ඇතුළු වී ඇත. කරුණාකර පරීක්ෂා කරන්න.",
    "status": "SENT (MOCK)"
  },
  {
    "timestamp": "2025-09-19 02:00:02",
    "to": "+94719563015",
    "message": "සතුන් වත්තෙන් පිටවී ගොස් ඇත.",
    "status": "SENT (MOCK)"
  },
  {
    "timestamp": "2025-09-19 02:00:04",
    "to": "+94719563015",
    "message": "ඔබේ වත්තට සතුන් ඇතුළු වී ඇත. කරුණාකර පරීක්ෂා කරන්න.",
    "status": "SENT (MOCK)"
  },
  {
    "timestamp": "2025-09-19 02:00:06",
    "to": "+94719563015",
    "message": "සතුන් වත්තෙන් පිටවී ගොස් ඇත.",
    "status": "SENT (MOCK)"
  },
  {
    "timestamp": "2025-09-19 02:00:08",
    "to": "+94719563015",
    "message": "ඔබේ වත්තට සතුන් ඇතුළු වී ඇත. කරුණාකර පරීක්ෂා කරන්න.",
    "status": "SENT (MOCK)"
  },
  {
    "timestamp": "2025-09-19 02:00:11",
    "to": "+94719563015",
    "message": "සතුන් වත්තෙන් පිටවී ගොස් ඇත.",
    "status": "SENT (MOCK)"
  },
  {
    "timestamp": "2025-09-19 02:00:12",
    "to": "+94719563015",
    "message": "ඔබේ වත්තට සතුන් ඇතුළු වී ඇත. කරුණාකර පරීක්ෂා කරන්න.",
    "status": "SENT (MOCK)"
  },
  {
    "timestamp": "2025-09-19 02:00:15",
    "to": "+94719563015",
    "message": "සතුන් වත්තෙන් පිටවී ගොස් ඇත.",
    "status": "SENT (MOCK)"
  },
  {
    "timestamp": "2025-09-19 02:00:21",
    "to": "+94719563015",
    "message": "ඔබේ වත්තට සතුන් ඇතුළු වී ඇත. කරුණාකර පරීක්ෂා කරන්න.",
    "status": "SENT (MOCK)"
  },
  {
    "timestamp": "2025-09-19 02:00:25",
    "to": "+94719563015",
    "message": "සතුන් වත්තෙන් පිටවී ගොස් ඇත.",
    "status": "SENT (MOCK)"
  },
  {
    "timestamp": "2025-09-19 02:00:27",
    "to": "+94719563015",
    "message": "ඔබේ වත්තට සතුන් ඇතුළු වී ඇත. කරුණාකර පරීක්ෂා කරන්න.",
    "status": "SENT (MOCK)"
  },
  {
    "timestamp": "2025-09-19 02:00:29",
    "to": "+94719563015",
    "message": "සතුන් වත්තෙන් පිටවී ගොස් ඇත.",
    "status": "SENT (MOCK)"
  },
  {
    "timestamp": "2025-09-19 02:00:30",
    "to": "+94719563015",
    "message": "ඔබේ වත්තට සතුන් ඇතුළු වී ඇත. කරුණාකර පරීක්ෂා කරන්න.",
    "status": "SENT (MOCK)"
  },
  {
    "timestamp": "2025-09-19 02:00:32",
    "to": "+94719563015",
    "message": "සතුන් වත්තෙන් පිටවී ගොස් ඇත.",
    "status": "SENT (MOCK)"
  },
  {
    "timestamp": "2025-09-19 02:00:38",
    "to": "+94719563015",
    "message": "ඔබේ වත්තට සතුන් ඇතුළු වී ඇත. කරුණාකර පරීක්ෂා කරන්න.",
    "status": "SENT (MOCK)"
  },
  {
    "timestamp": "2025-09-19 02:00:42",
    "to": "+94719563015",
    "message": "සතුන් වත්තෙන් පිටවී ගොස් ඇත.",
    "status": "SENT (MOCK)"
  },
  {
    "timestamp": "2025-09-19 02:00:43",
    "to": "+94719563015",
    "message": "ඔබේ වත්තට සතුන් ඇතුළු වී ඇත. කරුණාකර පරීක්ෂා කරන්න.",
    "status": "SENT (MOCK)"
  },
  {
    "timestamp": "2025-09-19 02:00:45",
    "to": "+94719563015",
    "message": "සතුන් වත්තෙන් පිටවී ගොස් ඇත.",
    "status": "SENT (MOCK)"
  },
  {
    "timestamp": "2025-09-19 02:00:46",
    "to": "+94719563015",
    "message": "ඔබේ වත්තට සතුන් ඇතුළු වී ඇත. කරුණාකර පරීක්ෂා කරන්න.",
    "status": "SENT (MOCK)"
  },
  {
    "timestamp": "2025-09-19 02:00:48",
    "to": "+94719563015",
    "message": "සතුන් වත්තෙන් පිටවී ගොස් ඇත.",
    "status": "SENT (MOCK)"
  },
  {
    "timestamp": "2025-09-19 02:00:51",
    "to": "+94719563015",
    "message": "ඔබේ වත්තට සතුන් ඇතුළු වී ඇත. කරුණාකර පරීක්ෂා කරන්න.",
    "status": "SENT (MOCK)"
  },
  {
    "timestamp": "2025-09-19 02:00:54",
    "to": "+94719563015",
    "message": "සතුන් වත්තෙන් පිටවී ගොස් ඇත.",
    "status": "SENT (MOCK)"
  },
  {
    "timestamp": "2025-09-19 02:00:56",
    "to": "+94719563015",
    "message": "ඔබේ වත්තට සතුන් ඇතුළු වී ඇත. කරුණාකර පරීක්ෂා කරන්න.",
    "status": "SENT (MOCK)"
  },
  {
    "timestamp": "2025-09-19 02:00:58",
    "to": "+94719563015",
    "message": "සතුන් වත්තෙන් පිටවී ගොස් ඇත.",
    "status": "SENT (MOCK)"
  },
  {
    "timestamp": "2025-09-19 02:01:03",
    "to": "+94719563015",
    "message": "ඔබේ වත්තට සතුන් ඇතුළු වී ඇත. කරුණාකර පරීක්ෂා කරන්න.",
    "status": "SENT (MOCK)"
  },
  {
    "timestamp": "2025-09-19 02:01:03",
    "to": "+94719563015",
    "message": "කර්මිකාරයාගේ වත්තේ ආරක්ෂක පද්ධතිය සාර්ථකව ක්‍රියාත්මක වේ.",
    "status": "SENT (MOCK)"
  },
  {
    "timestamp": "2025-09-19 02:01:08",
    "to": "+94719563015",
    "message": "සතුන් වත්තෙන් පිටවී ගොස් ඇත.",
    "status": "SENT (MOCK)"
  },
  {
    "timestamp": "2025-09-19 02:01:08",
    "to": "+94719563015",
    "message": "ඔබේ වත්තට සතුන් ඇතුළු වී ඇත. කරුණාකර පරීක්ෂා කරන්න.",
    "status": "SENT (MOCK)"
  },
  {
    "timestamp": "2025-09-19 02:01:11",
    "to": "+94719563015",
    "message": "සතුන් වත්තෙන් පිටවී ගොස් ඇත.",
    "status": "SENT (MOCK)"
  },
  {
    "timestamp": "2025-09-19 02:01:13",
    "to": "+94719563015",
    "message": "ඔබේ වත්තට සතුන් ඇතුළු වී ඇත. කරුණාකර පරීක්ෂා කරන්න.",
    "status": "SENT (MOCK)"
  },
  {
    "timestamp": "2025-09-19 02:01:17",
    "to": "+94719563015",
    "message": "සතුන් වත්තෙන් පිටවී ගොස් ඇත.",
    "status": "SENT (MOCK)"
  },
  {
    "timestamp": "2025-09-19 02:01:18",
    "to": "+94719563015",
    "message": "ඔබේ වත්තට සතුන් ඇතුළු වී ඇත. කරුණාකර පරීක්ෂා කරන්න.",
    "status": "SENT (MOCK)"
  },
  {
    "timestamp": "2025-09-19 02:01:20",
    "to": "+94719563015",
    "message": "සතුන් වත්තෙන් පිටවී ගොස් ඇත.",
    "status": "SENT (MOCK)"
  },
  {
    "timestamp": "2025-09-19 02:01:32",
    "to": "+94719563015",
    "message": "ඔබේ වත්තට සතුන් ඇතුළු වී ඇත. කරුණාකර පරීක්ෂා කරන්න.",
    "status": "SENT (MOCK)"
  },
  {
    "timestamp": "2025-09-19 02:01:34",
    "to": "+94719563015",
    "message": "සතුන් වත්තෙන් පිටවී ගොස් ඇත.",
    "status": "SENT (MOCK)"
  },
  {
    "timestamp": "2025-09-19 02:01:35",
    "to": "+94719563015",
    "message": "ඔබේ වත්තට සතුන් ඇතුළු වී ඇත. කරුණාකර පරීක්ෂා කරන්න.",
    "status": "SENT (MOCK)"
  },
  {
    "timestamp": "2025-09-19 02:01:37",
    "to": "+94719563015",
    "message": "සතුන් වත්තෙන් පිටවී ගොස් ඇත.",
    "status": "SENT (MOCK)"
  },
  {
    "timestamp": "2025-09-19 02:01:51",
    "to": "+94719563015",
    "message": "ඔබේ වත්තට සතුන් ඇතුළු වී ඇත. කරුණාකර පරීක්ෂා කරන්න.",
    "status": "SENT (MOCK)"
  },
  {
    "timestamp": "2025-09-19 02:01:55",
    "to": "+94719563015",
    "message": "සතුන් වත්තෙන් පිටවී ගොස් ඇත.",
    "status": "SENT (MOCK)"
  },
  {
    "timestamp": "2025-09-19 02:01:56",
    "to": "+94719563015",
    "message": "ඔබේ වත්තට සතුන් ඇතුළු වී ඇත. කරුණාකර පරීක්ෂා කරන්න.",
    "status": "SENT (MOCK)"
  },
  {
    "timestamp": "2025-09-19 02:02:00",
    "to": "+94719563015",
    "message": "සතුන් වත්තෙන් පිටවී ගොස් ඇත.",
    "status": "SENT (MOCK)"
  },
  {
    "timestamp": "2025-09-19 02:02:03",
    "to": "+94719563015",
    "message": "ඔබේ වත්තට සතුන් ඇතුළු වී ඇත. කරුණාකර පරීක්ෂා කරන්න.",
    "status": "SENT (MOCK)"
  },
  {
    "timestamp": "2025-09-19 02:02:05",
    "to": "+94719563015",
    "message": "සතුන් වත්තෙන් පිටවී ගොස් ඇත.",
    "status": "SENT (MOCK)"
  },
  {
    "timestamp": "2025-09-19 02:02:07",
    "to": "+94719563015",
    "message": "ඔබේ වත්තට සතුන් ඇතුළු වී ඇත. කරුණාකර පරීක්ෂා කරන්න.",
    "status": "SENT (MOCK)"
  },
  {
    "timestamp": "2025-09-19 02:02:09",
    "to": "+94719563015",
    "message": "සතුන් වත්තෙන් පිටවී ගොස් ඇත.",
    "status": "SENT (MOCK)"
  },
  {
    "timestamp": "2025-09-19 02:02:12",
    "to": "+94719563015",
    "message": "ඔබේ වත්තට සතුන් ඇතුළු වී ඇත. කරුණාකර පරීක්ෂා කරන්න.",
    "status": "SENT (MOCK)"
  },
  {
    "timestamp": "2025-09-19 02:02:23",
    "to": "+94719563015",
    "message": "සතුන් වත්තෙන් පිටවී ගොස් ඇත.",
    "status": "SENT (MOCK)"
  },
  {
    "timestamp": "2025-09-19 02:02:25",
    "to": "+94719563015",
    "message": "ඔබේ වත්තට සතුන් ඇතුළු වී ඇත. කරුණාකර පරීක්ෂා කරන්න.",
    "status": "SENT (MOCK)"
  },
  {
    "timestamp": "2025-09-19 02:02:27",
    "to": "+94719563015",
    "message": "සතුන් වත්තෙන් පිටවී ගොස් ඇත.",
    "status": "SENT (MOCK)"
  },
  {
    "timestamp": "2025-09-19 02:02:30",
    "to": "+94719563015",
    "message": "ඔබේ වත්තට සතුන් ඇතුළු වී ඇත. කරුණාකර පරීක්ෂා කරන්න.",
    "status": "SENT (MOCK)"
  },
  {
    "timestamp": "2025-09-19 02:02:33",
    "to": "+94719563015",
    "message": "සතුන් වත්තෙන් පිටවී ගොස් ඇත.",
    "status": "SENT (MOCK)"
  },
  {
    "timestamp": "2025-09-19 02:02:36",
    "to": "+94719563015",
    "message": "ඔබේ වත්තට සතුන් ඇතුළු වී ඇත. කරුණාකර පරීක්ෂා කරන්න.",
    "status": "SENT (MOCK)"
  },
  {
    "timestamp": "2025-09-19 02:02:39",
    "to": "+94719563015",
    "message": "සතුන් වත්තෙන් පිටවී ගොස් ඇත.",
    "status": "SENT (MOCK)"
  },
  {
    "timestamp": "2025-09-19 02:02:41",
    "to": "+94719563015",
    "message": "ඔබේ වත්තට සතුන් ඇතුළු වී ඇත. කරුණාකර පරීක්ෂා කරන්න.",
    "status": "SENT (MOCK)"
  },
  {
    "timestamp": "2025-09-19 02:02:43",
    "to": "+94719563015",
    "message": "සතුන් වත්තෙන් පිටවී ගොස් ඇත.",
    "status": "SENT (MOCK)"
  },
  {
    "timestamp": "2025-09-19 02:02:46",
    "to": "+94719563015",
    "message": "ඔබේ වත්තට සතුන් ඇතුළු වී ඇත. කරුණාකර පරීක්ෂා කරන්න.",
    "status": "SENT (MOCK)"
  },
  {
    "timestamp": "2025-09-19 02:02:48",
    "to": "+94719563015",
    "message": "සතුන් වත්තෙන් පිටවී ගොස් ඇත.",
    "status": "SENT (MOCK)"
  },
  {
    "timestamp": "2025-09-19 02:02:55",
    "to": "+94719563015",
    "message": "ඔබේ වත්තට සතුන් ඇතුළු වී ඇත. කරුණාකර පරීක්ෂා කරන්න.",
    "status": "SENT (MOCK)"
  },
  {
    "timestamp": "2025-09-19 02:02:57",
    "to": "+94719563015",
    "message": "සතුන් වත්තෙන් පිටවී ගොස් ඇත.",
    "status": "SENT (MOCK)"
  },
  {
    "timestamp": "2025-09-19 02:02:58",
    "to": "+94719563015",
    "message": "ඔබේ වත්තට සතුන් ඇතුළු වී ඇත. කරුණාකර පරීක්ෂා කරන්න.",
    "status": "SENT (MOCK)"
  },
  {
    "timestamp": "2025-09-19 02:03:00",
    "to": "+94719563015",
    "message": "සතුන් වත්තෙන් පිටවී ගොස් ඇත.",
    "status": "SENT (MOCK)"
  },
  {
    "timestamp": "2025-09-19 02:03:06",
    "to": "+94719563015",
    "message": "ඔබේ වත්තට සතුන් ඇතුළු වී ඇත. කරුණාකර පරීක්ෂා කරන්න.",
    "status": "SENT (MOCK)"
  },
  {
    "timestamp": "2025-09-19 02:03:08",
    "to": "+94719563015",
    "message": "සතුන් වත්තෙන් පිටවී ගොස් ඇත.",
    "status": "SENT (MOCK)"
  },
  {
    "timestamp": "2025-09-19 02:03:13",
    "to": "+94719563015",
    "message": "ඔබේ වත්තට සතුන් ඇතුළු වී ඇත. කරුණාකර පරීක්ෂා කරන්න.",
    "status": "SENT (MOCK)"
  },
  {
    "timestamp": "2025-09-19 02:03:15",
    "to": "+94719563015",
    "message": "සතුන් වත්තෙන් පිටවී ගොස් ඇත.",
    "status": "SENT (MOCK)"
  },
  {
    "timestamp": "2025-09-19 02:03:16",
    "to": "+94719563015",
    "message": "ඔබේ වත්තට සතුන් ඇතුළු වී ඇත. කරුණාකර පරීක්ෂා කරන්න.",
    "status": "SENT (MOCK)"
  },
  {
    "timestamp": "2025-09-19 02:03:18",
    "to": "+94719563015",
    "message": "සතුන් වත්තෙන් පිටවී ගොස් ඇත.",
    "status": "SENT (MOCK)"
  },
  {
    "timestamp": "2025-09-19 02:03:19",
    "to": "+94719563015",
    "message": "ඔබේ වත්තට සතුන් ඇතුළු වී ඇත. කරුණාකර පරීක්ෂා කරන්න.",
    "status": "SENT (MOCK)"
  },
  {
    "timestamp": "2025-09-19 02:03:23",
    "to": "+94719563015",
    "message": "සතුන් වත්තෙන් පිටවී ගොස් ඇත.",
    "status": "SENT (MOCK)"
  },
  {
    "timestamp": "2025-09-19 02:03:24",
    "to": "+94719563015",
    "message": "ඔබේ වත්තට සතුන් ඇතුළු වී ඇත. කරුණාකර පරීක්ෂා කරන්න.",
    "status": "SENT (MOCK)"
  }
]